<?xml version="1.0" encoding="UTF-8"?>
<point_cloud version="1.2.0">
  <tracks path="tracks.ply" count="30713"/>
  <points path="points.ply" count="25443"/>
  <projections camera_id="0" path="p0.ply" count="606"/>
  <projections camera_id="1" path="p1.ply" count="1243"/>
  <projections camera_id="2" path="p2.ply" count="1776"/>
  <projections camera_id="3" path="p3.ply" count="1877"/>
  <projections camera_id="4" path="p4.ply" count="2098"/>
  <projections camera_id="5" path="p5.ply" count="1803"/>
  <projections camera_id="6" path="p6.ply" count="1192"/>
  <projections camera_id="7" path="p7.ply" count="546"/>
  <projections camera_id="8" path="p8.ply" count="331"/>
  <projections camera_id="9" path="p9.ply" count="949"/>
  <projections camera_id="10" path="p10.ply" count="1041"/>
  <projections camera_id="11" path="p11.ply" count="1111"/>
  <projections camera_id="12" path="p12.ply" count="1200"/>
  <projections camera_id="13" path="p13.ply" count="1072"/>
  <projections camera_id="14" path="p14.ply" count="778"/>
  <projections camera_id="15" path="p15.ply" count="198"/>
  <projections camera_id="16" path="p16.ply" count="728"/>
  <projections camera_id="17" path="p17.ply" count="347"/>
  <projections camera_id="18" path="p18.ply" count="1224"/>
  <projections camera_id="19" path="p19.ply" count="1178"/>
  <projections camera_id="20" path="p20.ply" count="1203"/>
  <projections camera_id="21" path="p21.ply" count="978"/>
  <projections camera_id="22" path="p22.ply" count="519"/>
  <projections camera_id="23" path="p23.ply" count="836"/>
  <projections camera_id="24" path="p24.ply" count="815"/>
  <projections camera_id="25" path="p25.ply" count="749"/>
  <projections camera_id="26" path="p26.ply" count="897"/>
  <projections camera_id="27" path="p27.ply" count="474"/>
  <projections camera_id="28" path="p28.ply" count="704"/>
  <projections camera_id="29" path="p29.ply" count="705"/>
  <projections camera_id="30" path="p30.ply" count="710"/>
  <projections camera_id="31" path="p31.ply" count="1064"/>
  <projections camera_id="32" path="p32.ply" count="1119"/>
  <projections camera_id="33" path="p33.ply" count="660"/>
  <projections camera_id="34" path="p34.ply" count="1023"/>
  <projections camera_id="35" path="p35.ply" count="1112"/>
  <projections camera_id="36" path="p36.ply" count="470"/>
  <projections camera_id="37" path="p37.ply" count="682"/>
  <projections camera_id="38" path="p38.ply" count="1049"/>
  <projections camera_id="39" path="p39.ply" count="1272"/>
  <projections camera_id="40" path="p40.ply" count="1003"/>
  <projections camera_id="41" path="p41.ply" count="399"/>
  <projections camera_id="42" path="p42.ply" count="591"/>
  <projections camera_id="43" path="p43.ply" count="1260"/>
  <projections camera_id="44" path="p44.ply" count="1823"/>
  <projections camera_id="45" path="p45.ply" count="2024"/>
  <projections camera_id="46" path="p46.ply" count="1920"/>
  <projections camera_id="47" path="p47.ply" count="1570"/>
  <projections camera_id="48" path="p48.ply" count="1073"/>
  <projections camera_id="49" path="p49.ply" count="572"/>
  <projections camera_id="50" path="p50.ply" count="168"/>
  <projections camera_id="51" path="p51.ply" count="283"/>
  <projections camera_id="52" path="p52.ply" count="940"/>
  <projections camera_id="53" path="p53.ply" count="1354"/>
  <projections camera_id="54" path="p54.ply" count="1452"/>
  <projections camera_id="55" path="p55.ply" count="1572"/>
  <projections camera_id="56" path="p56.ply" count="1647"/>
  <projections camera_id="57" path="p57.ply" count="1495"/>
  <projections camera_id="58" path="p58.ply" count="877"/>
  <projections camera_id="59" path="p59.ply" count="622"/>
  <projections camera_id="60" path="p60.ply" count="516"/>
  <projections camera_id="61" path="p61.ply" count="601"/>
  <projections camera_id="62" path="p62.ply" count="637"/>
  <projections camera_id="63" path="p63.ply" count="313"/>
  <projections camera_id="64" path="p64.ply" count="194"/>
  <projections camera_id="65" path="p65.ply" count="663"/>
  <projections camera_id="66" path="p66.ply" count="702"/>
  <projections camera_id="67" path="p67.ply" count="201"/>
  <projections camera_id="68" path="p68.ply" count="830"/>
  <projections camera_id="69" path="p69.ply" count="1162"/>
  <projections camera_id="70" path="p70.ply" count="597"/>
  <projections camera_id="72" path="p72.ply" count="348"/>
  <projections camera_id="73" path="p73.ply" count="653"/>
  <projections camera_id="74" path="p74.ply" count="895"/>
  <projections camera_id="75" path="p75.ply" count="1040"/>
  <projections camera_id="76" path="p76.ply" count="339"/>
  <projections camera_id="77" path="p77.ply" count="472"/>
  <projections camera_id="78" path="p78.ply" count="701"/>
  <projections camera_id="79" path="p79.ply" count="808"/>
  <projections camera_id="80" path="p80.ply" count="1186"/>
  <projections camera_id="81" path="p81.ply" count="1352"/>
  <projections camera_id="82" path="p82.ply" count="1210"/>
  <projections camera_id="83" path="p83.ply" count="743"/>
  <projections camera_id="84" path="p84.ply" count="880"/>
  <projections camera_id="85" path="p85.ply" count="893"/>
  <projections camera_id="86" path="p86.ply" count="845"/>
  <projections camera_id="87" path="p87.ply" count="1292"/>
  <projections camera_id="88" path="p88.ply" count="1234"/>
  <projections camera_id="89" path="p89.ply" count="1070"/>
  <projections camera_id="90" path="p90.ply" count="957"/>
  <projections camera_id="91" path="p91.ply" count="672"/>
  <projections camera_id="92" path="p92.ply" count="277"/>
  <projections camera_id="93" path="p93.ply" count="605"/>
  <projections camera_id="94" path="p94.ply" count="752"/>
  <projections camera_id="95" path="p95.ply" count="993"/>
  <projections camera_id="96" path="p96.ply" count="953"/>
  <projections camera_id="97" path="p97.ply" count="550"/>
  <projections camera_id="98" path="p98.ply" count="741"/>
  <projections camera_id="99" path="p99.ply" count="687"/>
  <projections camera_id="100" path="p100.ply" count="703"/>
  <projections camera_id="101" path="p101.ply" count="908"/>
  <projections camera_id="102" path="p102.ply" count="1033"/>
  <projections camera_id="103" path="p103.ply" count="1093"/>
  <projections camera_id="104" path="p104.ply" count="1102"/>
  <projections camera_id="105" path="p105.ply" count="1036"/>
  <projections camera_id="106" path="p106.ply" count="1129"/>
  <projections camera_id="107" path="p107.ply" count="818"/>
  <projections camera_id="108" path="p108.ply" count="894"/>
  <projections camera_id="109" path="p109.ply" count="883"/>
  <projections camera_id="110" path="p110.ply" count="644"/>
  <projections camera_id="111" path="p111.ply" count="865"/>
  <projections camera_id="112" path="p112.ply" count="937"/>
  <projections camera_id="113" path="p113.ply" count="941"/>
  <projections camera_id="114" path="p114.ply" count="867"/>
  <projections camera_id="115" path="p115.ply" count="867"/>
  <projections camera_id="116" path="p116.ply" count="810"/>
  <projections camera_id="117" path="p117.ply" count="859"/>
  <projections camera_id="118" path="p118.ply" count="863"/>
  <projections camera_id="119" path="p119.ply" count="830"/>
  <projections camera_id="120" path="p120.ply" count="727"/>
  <projections camera_id="121" path="p121.ply" count="864"/>
  <projections camera_id="122" path="p122.ply" count="924"/>
  <projections camera_id="123" path="p123.ply" count="984"/>
  <projections camera_id="124" path="p124.ply" count="850"/>
  <projections camera_id="125" path="p125.ply" count="525"/>
  <projections camera_id="126" path="p126.ply" count="984"/>
  <projections camera_id="127" path="p127.ply" count="1018"/>
  <projections camera_id="128" path="p128.ply" count="1018"/>
  <projections camera_id="129" path="p129.ply" count="890"/>
  <projections camera_id="130" path="p130.ply" count="775"/>
  <projections camera_id="131" path="p131.ply" count="559"/>
  <projections camera_id="132" path="p132.ply" count="885"/>
  <projections camera_id="133" path="p133.ply" count="899"/>
  <projections camera_id="134" path="p134.ply" count="484"/>
  <projections camera_id="135" path="p135.ply" count="406"/>
  <projections camera_id="136" path="p136.ply" count="623"/>
  <projections camera_id="137" path="p137.ply" count="756"/>
  <projections camera_id="138" path="p138.ply" count="736"/>
  <projections camera_id="139" path="p139.ply" count="533"/>
  <projections camera_id="140" path="p140.ply" count="401"/>
  <projections camera_id="141" path="p141.ply" count="522"/>
  <projections camera_id="142" path="p142.ply" count="860"/>
  <projections camera_id="143" path="p143.ply" count="1117"/>
  <projections camera_id="144" path="p144.ply" count="1141"/>
  <projections camera_id="145" path="p145.ply" count="234"/>
  <projections camera_id="146" path="p146.ply" count="475"/>
  <projections camera_id="147" path="p147.ply" count="679"/>
  <projections camera_id="148" path="p148.ply" count="1198"/>
  <projections camera_id="149" path="p149.ply" count="1455"/>
  <projections camera_id="150" path="p150.ply" count="1464"/>
  <projections camera_id="151" path="p151.ply" count="804"/>
  <projections camera_id="152" path="p152.ply" count="1025"/>
  <projections camera_id="153" path="p153.ply" count="970"/>
  <projections camera_id="154" path="p154.ply" count="1567"/>
  <projections camera_id="155" path="p155.ply" count="1555"/>
  <projections camera_id="156" path="p156.ply" count="1352"/>
  <projections camera_id="157" path="p157.ply" count="1459"/>
  <projections camera_id="158" path="p158.ply" count="978"/>
  <projections camera_id="159" path="p159.ply" count="958"/>
  <projections camera_id="160" path="p160.ply" count="845"/>
  <projections camera_id="161" path="p161.ply" count="696"/>
  <projections camera_id="162" path="p162.ply" count="1486"/>
  <projections camera_id="163" path="p163.ply" count="1353"/>
  <projections camera_id="164" path="p164.ply" count="1199"/>
  <projections camera_id="165" path="p165.ply" count="1097"/>
  <projections camera_id="166" path="p166.ply" count="968"/>
  <projections camera_id="167" path="p167.ply" count="733"/>
  <projections camera_id="168" path="p168.ply" count="644"/>
  <projections camera_id="169" path="p169.ply" count="395"/>
  <projections camera_id="170" path="p170.ply" count="200"/>
  <projections camera_id="171" path="p171.ply" count="965"/>
  <projections camera_id="172" path="p172.ply" count="1068"/>
  <projections camera_id="173" path="p173.ply" count="949"/>
  <projections camera_id="174" path="p174.ply" count="532"/>
  <projections camera_id="175" path="p175.ply" count="799"/>
  <projections camera_id="176" path="p176.ply" count="822"/>
  <projections camera_id="177" path="p177.ply" count="1319"/>
  <projections camera_id="178" path="p178.ply" count="1361"/>
  <meta>
    <property name="match/duration" value="657.382379"/>
    <property name="match/match_downscale" value="4"/>
    <property name="match/match_filter_mask" value="true"/>
    <property name="match/match_point_limit" value="40000"/>
    <property name="match/match_select_pairs" value="1"/>
    <property name="match/match_tiepoint_limit" value="4000"/>
  </meta>
</point_cloud>
